,Code
0,A
1,AAC
2,AAC.W
3,AAI-C
4,AAIN
5,AAM-B
6,AAP
7,AAQ.W
8,AAT
9,ABB
10,ABC
11,ABG
12,ABR
13,ABR-E
14,ABT
15,ACA
16,ACA.W
17,ACCO
18,ACD.W
19,ACEL
20,ACHR
21,ACI.S
22,ACM
23,ACP
24,ACR
25,ACR-D
26,ACR.W
27,ACRO
28,ADC
29,ADCT
30,ADE.W
31,ADM
32,ADT
33,AEE
34,AEG
35,AEL-A
36,AEM
37,AEO
38,AES
39,AEV.W
40,AFB
41,AFGB
42,AFGD
43,AFL
44,AFT.U
45,AFTR
46,AGA.U
47,AGAC
48,AGCO
49,AGI
50,AGM
51,AGM-D
52,AGM-F
53,AGM.A
54,AGR
55,AGS
56,AGX
57,AHH-A
58,AHL-D
59,AHT
60,AHT-F
61,AHT-H
62,AI
63,AIF
64,AIG-A
65,AIO
66,AIRC
67,AIU
68,AIZ
69,AJG
70,AJX
71,AKA
72,AKO.B
73,AL
74,ALB
75,ALCC
76,ALEX
77,ALIT
78,ALL
79,ALL-G
80,ALL-I
81,ALLE
82,ALLY
83,ALT-A
84,ALV
85,AM
86,AMB.T
87,AMBC
88,AMC
89,AME
90,AMH
91,AMH-H
92,AMN
93,AMP
94,AMP.V
95,AMPS
96,AMPY
97,AMRC
98,AMT
99,AMWL
100,AN
101,ANA.W
102,ANET
103,ANVS
104,AOMR
105,AORT
106,AP
107,APC.U
108,APCA
109,APE
110,APG.U
111,APGB
112,APLE
113,APN.U
114,APO
115,APT-A
116,AQN
117,AQNB
118,AQUA
119,ARC
120,ARCO
121,ARE
122,ARG-A
123,ARGO
124,ARIS
125,ARLO
126,ARNC
127,ARR
128,ARW
129,ASAI
130,ASB
131,ASB-F
132,ASG
133,ASGN
134,ASIX
135,ASR
136,ASZ
137,ATA
138,ATA.U
139,ATA.W
140,ATC-D
141,ATC-I
142,ATE.U
143,ATEK
144,ATGE
145,ATH-B
146,ATH-D
147,ATI
148,ATIP
149,ATO
150,ATTO
151,AU
152,AUS
153,AUY
154,AVAL
155,AVD
156,AVNS
157,AVTR
158,AVYA
159,AWI
160,AWP
161,AX
162,AXA.W
163,AXL
164,AXR
165,AXS-E
166,AYI
167,AZEK
168,AZRE
169,AZZ
170,AA
171,AAC.U
172,AAI-B
173,AAIC
174,AAM-A
175,AAN
176,AAQ.U
177,AAQC
178,AB
179,ABBV
180,ABEV
181,ABM
182,ABR-D
183,ABR-F
184,AC
185,ACA.U
186,ACAQ
187,ACD.U
188,ACDI
189,ACH.W
190,ACI
191,ACII
192,ACN
193,ACP-A
194,ACR-C
195,ACR.U
196,ACRE
197,ACV
198,ADC-A
199,ADE.U
200,ADEX
201,ADNT
202,ADX
203,AEFC
204,AEL
205,AEL-B
206,AENZ
207,AER
208,AESC
209,AEVA
210,AFG
211,AFGC
212,AFGE
213,AFT
214,AFT.W
215,AG
216,AGA.W
217,AGCB
218,AGD
219,AGL
220,AGM-C
221,AGM-E
222,AGM-G
223,AGO
224,AGRO
225,AGTI
226,AHH
227,AHL-C
228,AHL-E
229,AHT-D
230,AHT-G
231,AHT-I
232,AIC
233,AIG
234,AIN
235,AIR
236,AIT
237,AIV
238,AIZN
239,AJRD
240,AJXA
241,AKO.A
242,AKR
243,AL-A
244,ALC
245,ALE
246,ALG
247,ALK
248,ALL-B
249,ALL-H
250,ALL.W
251,ALLG
252,ALSN
253,ALTG
254,ALX
255,AMAM
256,AMB.W
257,AMBP
258,AMCR
259,AMG
260,AMH-G
261,AMK
262,AMOV
263,AMP.U
264,AMPI
265,AMPX
266,AMR
267,AMRX
268,AMTD
269,AMX
270,ANA.U
271,ANAC
272,ANF
273,AOD
274,AON
275,AOS
276,APAM
277,APC.W
278,APD
279,APG
280,APG.W
281,APH
282,APN
283,APN.W
284,APRN
285,APTV
286,AQNA
287,AQNU
288,AR
289,ARCH
290,ARDC
291,ARES
292,ARGD
293,ARI
294,ARL
295,ARMK
296,AROC
297,ARR-C
298,ASA
299,ASAN
300,ASB-E
301,ASC
302,ASGI
303,ASH
304,ASPN
305,ASX
306,ASZ.U
307,ATA.D
308,ATA.V
309,ATAQ
310,ATC-H
311,ATCO
312,ATE.W
313,ATEN
314,ATH-A
315,ATH-C
316,ATHM
317,ATI.W
318,ATKR
319,ATR
320,ATUS
321,AUD
322,AUS.U
323,AVA
324,AVB
325,AVK
326,AVNT
327,AVY
328,AWF
329,AWK
330,AWR
331,AXA.P
332,AXAC
333,AXP
334,AXS
335,AXTA
336,AYX
337,AZO
338,AZUL
339,B
340,BABA
341,BAC-B
342,BAC-K
343,BAC-M
344,BAC-O
345,BAC-Q
346,BAC.U
347,BACA
348,BAK
349,BALY
350,BAM.P
351,BAMI
352,BANC
353,BAR.W
354,BAX
355,BBA.W
356,BBAR
357,BBDC
358,BBLN
359,BBU
360,BBVA
361,BBWI
362,BC
363,BC-B
364,BCAT
365,BCE
366,BCO
367,BCSF
368,BDC
369,BDN
370,BDXB
371,BEDU
372,BEN
373,BEP-A
374,BEPH
375,BERY
376,BF.A
377,BFA.U
378,BFAC
379,BFH
380,BFL.W
381,BFS
382,BFS-E
383,BG
384,BGH
385,BGS
386,BGS.W
387,BGSX
388,BGX
389,BH
390,BHC
391,BHG
392,BHIL
393,BHLB
394,BHR
395,BHR-D
396,BHVN
397,BIGZ
398,BIO
399,BIP
400,BIP-B
401,BIPH
402,BIT
403,BIT.W
404,BJ
405,BKD
406,BKE
407,BKI
408,BKKT
409,BKS.W
410,BKT
411,BLCO
412,BLDR
413,BLK
414,BLU.U
415,BLUA
416,BLX
417,BMA.U
418,BMAC
419,BMEZ
420,BML-G
421,BML-J
422,BMN
423,BMY
424,BNED
425,BNS
426,BOA.U
427,BOAC
428,BOD.W
429,BOE
430,BOH-A
431,BOOT
432,BOWL
433,BOX.W
434,BP
435,BQ
436,BRBR
437,BRCC
438,BRD.T
439,BRD.W
440,BRDS
441,BRK.A
442,BRMK
443,BROS
444,BRT
445,BRX
446,BSA.W
447,BSAQ
448,BSIG
449,BSM
450,BST
451,BSX
452,BTA
453,BTI
454,BTT
455,BTZ
456,BUI
457,BURL
458,BVH
459,BW
460,BWA
461,BWNB
462,BWXT
463,BXC
464,BXMX
465,BXSL
466,BYD
467,BYN
468,BYN.W
469,BA
470,BAC
471,BAC-E
472,BAC-L
473,BAC-N
474,BAC-P
475,BAC-S
476,BAC.W
477,BAH
478,BALL
479,BAM
480,BAMH
481,BAMR
482,BAP
483,BARK
484,BB
485,BBAI
486,BBD
487,BBDO
488,BBN
489,BBUC
490,BBW
491,BBY
492,BC-A
493,BC-C
494,BCC
495,BCH
496,BCS
497,BCX
498,BDJ
499,BDX
500,BE
501,BEKE
502,BEP
503,BEPC
504,BEPI
505,BEST
506,BF.B
507,BFA.W
508,BFAM
509,BFK
510,BFLY
511,BFS-D
512,BFZ
513,BGB
514,BGR
515,BGS.U
516,BGSF
517,BGT
518,BGY
519,BH.A
520,BHE
521,BHI.W
522,BHK
523,BHP
524,BHR-B
525,BHV
526,BIG
527,BILL
528,BIO.B
529,BIP-A
530,BIPC
531,BIPI
532,BIT.U
533,BITE
534,BK
535,BKDT
536,BKH
537,BKK.W
538,BKN
539,BKSY
540,BKU
541,BLD
542,BLE
543,BLND
544,BLU.W
545,BLW
546,BMA
547,BMA.W
548,BME
549,BMI
550,BML-H
551,BML-L
552,BMO
553,BN.P
554,BNL
555,BNY
556,BOA.W
557,BOC
558,BODY
559,BOH
560,BOND
561,BORR
562,BOX
563,BOXD
564,BPT
565,BR
566,BRC
567,BRD
568,BRD.U
569,BRDG
570,BRFS
571,BRK.B
572,BRO
573,BRSP
574,BRW
575,BSA.U
576,BSAC
577,BSBR
578,BSL
579,BSMX
580,BSTZ
581,BSX-A
582,BTCM
583,BTO
584,BTU
585,BUD
586,BUR
587,BV
588,BVN
589,BW-A
590,BWG
591,BWSN
592,BX
593,BXMT
594,BXP
595,BY
596,BYM
597,BYN.U
598,BZH
599,C
600,C-K
601,CAAP
602,CACI
603,CADE
604,CAF
605,CAH
606,CAL
607,CAN.W
608,CANO
609,CARR
610,CAT
611,CB
612,CBH
613,CBRE
614,CBU
615,CC
616,CCI
617,CCK
618,CCM
619,CCRD
620,CCU
621,CCV.S
622,CCV.U
623,CCVI
624,CDAY
625,CDR-B
626,CDRE
627,CEA
628,CEIX
629,CEM
630,CEPU
631,CEQP
632,CFG
633,CFG-E
634,CFR-B
635,CGAU
636,CHAA
637,CHD
638,CHGG
639,CHM-A
640,CHMI
641,CHPT
642,CHRB
643,CHT
644,CI
645,CIB
646,CIF
647,CIG.C
648,CIM
649,CIM-B
650,CIM-D
651,CIO
652,CION
653,CIVI
654,CL
655,CLA.T
656,CLA.W
657,CLAS
658,CLB.U
659,CLBR
660,CLDT
661,CLH
662,CLIM
663,CLR
664,CLV-A
665,CLW
666,CM
667,CMC
668,CMG
669,CMP
670,CMR-C
671,CMR-E
672,CMS
673,CMS-C
674,CMSC
675,CMTG
676,CNA
677,CND
678,CND.S
679,CND.U
680,CND.W
681,CNDB
682,CNHI
683,CNK
684,CNMD
685,CNO
686,CNP
687,CNS
688,COD-A
689,COD-C
690,COE
691,COF-I
692,COF-K
693,COF-N
694,COMP
695,COOK
696,COR-Z
697,COR.W
698,CORS
699,COUR
700,CPA
701,CPB
702,CPF
703,CPK
704,CPRI
705,CPT
706,CPT.W
707,CPU.U
708,CPUH
709,CRBG
710,CRD.A
711,CRGY
712,CRI
713,CRL
714,CRS
715,CRU
716,CS
717,CSL
718,CSR-C
719,CST.W
720,CSTM
721,CTA-A
722,CTBB
723,CTLT
724,CTO-A
725,CTOS
726,CTRA
727,CTS
728,CTV.W
729,CUB-E
730,CUBB
731,CUBI
732,CULP
733,CURV
734,CVE
735,CVEO
736,CVI.U
737,CVII
738,CVS
739,CW
740,CWE.A
741,CWH
742,CWT
743,CXA.U
744,CXAC
745,CXH
746,CXW
747,CYH
748,CZOO
749,C-J
750,C-N
751,CABO
752,CAD-A
753,CAE
754,CAG
755,CAJ
756,CALX
757,CANG
758,CAPL
759,CARS
760,CATO
761,CBD
762,CBL
763,CBT
764,CBZ
765,CCCS
766,CCJ
767,CCL
768,CCO
769,CCS
770,CCV
771,CCV.T
772,CCV.W
773,CCZ
774,CDE
775,CDR-C
776,CE
777,CEE
778,CEL.P
779,CEN
780,CEQ.P
781,CF
782,CFG-D
783,CFR
784,CGA
785,CHA.S
786,CHCT
787,CHE
788,CHH
789,CHM-B
790,CHN
791,CHRA
792,CHS
793,CHWY
794,CIA
795,CIEN
796,CIG
797,CII
798,CIM-A
799,CIM-C
800,CINT
801,CIO-A
802,CIR
803,CIXX
804,CLA.S
805,CLA.U
806,CLAA
807,CLB
808,CLB.W
809,CLD-A
810,CLF
811,CLI.S
812,CLPR
813,CLS
814,CLVT
815,CLX
816,CMA
817,CMCM
818,CMI
819,CMR-B
820,CMR-D
821,CMRE
822,CMS-B
823,CMSA
824,CMSD
825,CMU
826,CNC
827,CND.D
828,CND.T
829,CND.V
830,CNDA
831,CNF
832,CNI
833,CNM
834,CNNE
835,CNO-A
836,CNQ
837,CNX
838,COD-B
839,CODI
840,COF
841,COF-J
842,COF-L
843,COLD
844,COO
845,COP
846,COR.U
847,CORR
848,COTY
849,CP
850,CPAC
851,CPE
852,CPG
853,CPNG
854,CPS
855,CPT.U
856,CPTK
857,CPU.W
858,CR
859,CRC
860,CRD.B
861,CRH
862,CRK
863,CRM
864,CRT
865,CRU.U
866,CSAN
867,CSR
868,CST.U
869,CSTA
870,CSV
871,CTA-B
872,CTDD
873,CTO
874,CTO.W
875,CTR
876,CTRE
877,CTV
878,CTVA
879,CUB-F
880,CUBE
881,CUK
882,CURO
883,CUZ
884,CVE.W
885,CVI
886,CVI.W
887,CVNA
888,CVX
889,CWAN
890,CWEN
891,CWK
892,CX
893,CXA.W
894,CXE
895,CXM
896,CYD
897,CZO.W
898,D
899,DAL
900,DAO
901,DASH
902,DB
903,DBI
904,DBR-H
905,DBR-J
906,DCF
907,DCO
908,DCP-B
909,DD
910,DDF
911,DDS
912,DE
913,DECK
914,DELL
915,DEO
916,DEX
917,DFIN
918,DFS
919,DGX
920,DHI
921,DHR-B
922,DHX
923,DIN
924,DIS
925,DKL
926,DLB
927,DLN-B
928,DLR
929,DLR-K
930,DLX
931,DM
932,DMB
933,DMS
934,DMY.E
935,DMYS
936,DNA.W
937,DNMR
938,DNP
939,DNZ.U
940,DO
941,DOCN
942,DOLE
943,DOMA
944,DOUG
945,DOW
946,DPZ
947,DRD
948,DRH-A
949,DRQ
950,DS-B
951,DS-D
952,DSA.W
953,DSL
954,DSU
955,DSX-B
956,DTB
957,DTE
958,DTG
959,DTM
960,DUK
961,DUKB
962,DVA
963,DX
964,DXC
965,DAC
966,DAN
967,DAR
968,DAVA
969,DBD
970,DBL
971,DBR-I
972,DBRG
973,DCI
974,DCP
975,DCP-C
976,DDD
977,DDL
978,DDT
979,DEA
980,DEI
981,DEN
982,DESP
983,DFH
984,DFP
985,DG
986,DHF
987,DHR
988,DHT
989,DIAX
990,DINO
991,DK
992,DKS
993,DLN-A
994,DLNG
995,DLR-J
996,DLR-L
997,DLY
998,DMA
999,DMO
1000,DMS.W
1001,DMY.Y
1002,DNA
1003,DNB
1004,DNOW
1005,DNZ
1006,DNZ.W
1007,DOC
1008,DOCS
1009,DOM.W
1010,DOOR
1011,DOV
1012,DPG
1013,DQ
1014,DRH
1015,DRI
1016,DS
1017,DS-C
1018,DSA.U
1019,DSAQ
1020,DSM
1021,DSX
1022,DT
1023,DTC
1024,DTF
1025,DTL.P
1026,DTW
1027,DUK-A
1028,DV
1029,DVN
1030,DX-C
1031,DY
1032,E
1033,EAI
1034,EAT
1035,EBF
1036,EBR.B
1037,EC
1038,ECC
1039,ECCC
1040,ECCW
1041,ECL
1042,ECVT
1043,EDD
1044,EDI
1045,EDR
1046,EE
1047,EEX
1048,EFC-A
1049,EFR
1050,EFX
1051,EGF
1052,EGG.W
1053,EGHT
1054,EGP
1055,EHAB
1056,EHI
1057,EICA
1058,EIX
1059,ELAN
1060,ELC
1061,ELME
1062,ELS
1063,ELVT
1064,EME
1065,EMN
1066,EMP
1067,ENB
1068,ENFN
1069,ENJ
1070,ENO
1071,ENR
1072,ENV
1073,ENZ
1074,EOC.W
1075,EOD
1076,EOI
1077,EOT
1078,EPAC
1079,EPC
1080,EPR
1081,EPR-E
1082,EPRT
1083,EPW.W
1084,EQC
1085,EQH
1086,EQH-C
1087,EQH.W
1088,EQNR
1089,EQS
1090,ERF
1091,ERO
1092,ESAB
1093,ESI
1094,ESM.U
1095,ESMT
1096,ESRT
1097,ESTC
1098,ET
1099,ET-D
1100,ETB
1101,ETG
1102,ETJ
1103,ETO
1104,ETRN
1105,ETW
1106,ETWO
1107,ETY
1108,EVA
1109,EVE
1110,EVE.U
1111,EVEX
1112,EVG
1113,EVN
1114,EVRG
1115,EVT
1116,EVTC
1117,EW
1118,EXG
1119,EXP
1120,EXR
1121,EAF
1122,EARN
1123,EB
1124,EBR
1125,EBS
1126,ECAT
1127,ECC-D
1128,ECCV
1129,ECCX
1130,ECOM
1131,ED
1132,EDF
1133,EDN
1134,EDU
1135,EEA
1136,EFC
1137,EFC-B
1138,EFT
1139,EFXT
1140,EGG.U
1141,EGGF
1142,EGO
1143,EGY
1144,EHC
1145,EIC
1146,EIG
1147,EL
1148,ELAT
1149,ELF
1150,ELP
1151,ELV
1152,EMD
1153,EMF
1154,EMO
1155,EMR
1156,ENBA
1157,ENIC
1158,ENLC
1159,ENOV
1160,ENS
1161,ENVA
1162,EOC.U
1163,EOCW
1164,EOG
1165,EOS
1166,EP-C
1167,EPAM
1168,EPD
1169,EPR-C
1170,EPR-G
1171,EPW.U
1172,EPWR
1173,EQC-D
1174,EQH-A
1175,EQH.U
1176,EQHA
1177,EQR
1178,EQT
1179,ERJ
1180,ES
1181,ESE
1182,ESM
1183,ESM.W
1184,ESNT
1185,ESS
1186,ESTE
1187,ET-C
1188,ET-E
1189,ETD
1190,ETI.P
1191,ETN
1192,ETR
1193,ETV
1194,ETW.W
1195,ETX
1196,EURN
1197,EVC
1198,EVE.T
1199,EVE.W
1200,EVF
1201,EVH
1202,EVR
1203,EVRI
1204,EVT.W
1205,EVTL
1206,EXD
1207,EXK
1208,EXPR
1209,F
1210,F-C
1211,FAC.S
1212,FAC.U
1213,FACA
1214,FAF
1215,FAT.W
1216,FBC
1217,FBK
1218,FBR-E
1219,FC
1220,FCA.W
1221,FCF
1222,FCPT
1223,FCT
1224,FDEU
1225,FDS
1226,FE
1227,FEI
1228,FEO
1229,FET
1230,FFA
1231,FG
1232,FGB
1233,FHN
1234,FHN-C
1235,FHN-E
1236,FICO
1237,FIGS
1238,FINV
1239,FIX
1240,FLA.W
1241,FLC
1242,FLM.W
1243,FLNG
1244,FLR
1245,FLT
1246,FLY.W
1247,FMC
1248,FMS
1249,FMY
1250,FNA
1251,FNB-E
1252,FNF
1253,FOA
1254,FOF
1255,FORG
1256,FPA.U
1257,FPAC
1258,FPH
1259,FPL
1260,FRA
1261,FRC-H
1262,FRC-J
1263,FRC-L
1264,FRC-N
1265,FREY
1266,FRO
1267,FRT-C
1268,FRX.T
1269,FSCO
1270,FSK
1271,FSM
1272,FSNB
1273,FSS
1274,FTCH
1275,FTE.W
1276,FTHY
1277,FTK
1278,FTV
1279,FUL
1280,FVI.U
1281,FVRR
1282,FVT.U
1283,FZT
1284,FZT.W
1285,F-B
1286,F-D
1287,FAC.T
1288,FAC.W
1289,FACT
1290,FAM
1291,FATH
1292,FBHS
1293,FBP
1294,FBRT
1295,FCA.U
1296,FCAX
1297,FCN
1298,FCRX
1299,FCX
1300,FDP
1301,FDX
1302,FEDU
1303,FENG
1304,FERG
1305,FF
1306,FFC
1307,FG.P
1308,FHI
1309,FHN-B
1310,FHN-D
1311,FHN-F
1312,FIF
1313,FINS
1314,FIS
1315,FL
1316,FLAG
1317,FLM.U
1318,FLME
1319,FLO
1320,FLS
1321,FLY.U
1322,FLYA
1323,FMN
1324,FMX
1325,FN
1326,FNB
1327,FND
1328,FNV
1329,FOA.W
1330,FOR
1331,FOUR
1332,FPA.W
1333,FPF
1334,FPI
1335,FR
1336,FRC
1337,FRC-I
1338,FRC-K
1339,FRC-M
1340,FRE.W
1341,FRGE
1342,FRT
1343,FRX.S
1344,FRXB
1345,FSD
1346,FSLY
1347,FSN.U
1348,FSR
1349,FT
1350,FTE.U
1351,FTEV
1352,FTI
1353,FTS
1354,FUBO
1355,FUN
1356,FVIV
1357,FVT
1358,FXLV
1359,FZT.U
1360,G
1361,GAB-G
1362,GAB-K
1363,GAM-B
1364,GAPA
1365,GAQ.U
1366,GATO
1367,GB
1368,GBAB
1369,GBLI
1370,GBX
1371,GCO
1372,GD
1373,GDL
1374,GDO
1375,GDV
1376,GDV-K
1377,GEF
1378,GEHI
1379,GEN.W
1380,GEO
1381,GES
1382,GETY
1383,GFF
1384,GFL
1385,GFO.U
1386,GFOR
1387,GFX.U
1388,GGB
1389,GGT
1390,GGT-G
1391,GHC
1392,GHI
1393,GHLD
1394,GHY
1395,GIA.U
1396,GIB
1397,GIL
1398,GIS
1399,GJO
1400,GJR
1401,GJT
1402,GL
1403,GLO-A
1404,GLO-C
1405,GLOB
1406,GLP
1407,GLP-B
1408,GLS.W
1409,GLW
1410,GME
1411,GMR-A
1412,GMS
1413,GNE-A
1414,GNL
1415,GNL-B
1416,GNT
1417,GNW
1418,GOG.U
1419,GOGN
1420,GOLD
1421,GOOS
1422,GPC
1423,GPJA
1424,GPM-A
1425,GPN
1426,GPRK
1427,GRB-A
1428,GRC
1429,GRN.T
1430,GRND
1431,GRO.T
1432,GRP.U
1433,GS
1434,GS-C
1435,GS-J
1436,GSBD
1437,GSL
1438,GSQ.S
1439,GSQ.U
1440,GSQD
1441,GTLS
1442,GTN.A
1443,GUG
1444,GUT-C
1445,GWH
1446,GWRE
1447,GXO
1448,GAB
1449,GAB-H
1450,GAM
1451,GAP.U
1452,GAQ
1453,GAQ.W
1454,GATX
1455,GB.W
1456,GBCI
1457,GBTG
1458,GCI
1459,GCV
1460,GDDY
1461,GDL-C
1462,GDOT
1463,GDV-H
1464,GE
1465,GEF.B
1466,GEL
1467,GENI
1468,GER
1469,GET.W
1470,GF
1471,GFI
1472,GFLU
1473,GFO.W
1474,GFX
1475,GFX.W
1476,GGG
1477,GGT-E
1478,GGZ
1479,GHG
1480,GHL
1481,GHM
1482,GIA
1483,GIA.W
1484,GIC
1485,GIM
1486,GJH
1487,GJP
1488,GJS
1489,GKOS
1490,GL-D
1491,GLO-B
1492,GLO-G
1493,GLOP
1494,GLP-A
1495,GLS
1496,GLT
1497,GM
1498,GMED
1499,GMRE
1500,GNE
1501,GNK
1502,GNL-A
1503,GNRC
1504,GNT-A
1505,GOF
1506,GOG.W
1507,GOL
1508,GOLF
1509,GOTU
1510,GPI
1511,GPK
1512,GPMT
1513,GPOR
1514,GPS
1515,GRBK
1516,GRMN
1517,GRN.W
1518,GRNT
1519,GROV
1520,GRX
1521,GS-A
1522,GS-D
1523,GS-K
1524,GSK
1525,GSL-B
1526,GSQ.T
1527,GSQB
1528,GTES
1529,GTN
1530,GTY
1531,GUT
1532,GVA
1533,GWH.W
1534,GWW
1535,H
1536,HAL
1537,HAYW
1538,HBI
1539,HCA
1540,HCI
1541,HD
1542,HE
1543,HEI.A
1544,HEQ
1545,HESM
1546,HFRO
1547,HGT.W
1548,HGV
1549,HHL.U
1550,HHLA
1551,HIE
1552,HIG-G
1553,HIL
1554,HIO
1555,HIPO
1556,HIX
1557,HL
1558,HLF
1559,HLGN
1560,HLIO
1561,HLLY
1562,HLT
1563,HMA
1564,HMA.W
1565,HML-A
1566,HMY
1567,HOG
1568,HOUS
1569,HP
1570,HPF
1571,HPP
1572,HPQ
1573,HQH
1574,HR
1575,HRI
1576,HRT
1577,HSBC
1578,HSY
1579,HT-C
1580,HT-E
1581,HTFB
1582,HTGC
1583,HTP.U
1584,HTY
1585,HUBS
1586,HUG.W
1587,HUM
1588,HUYA
1589,HVT.A
1590,HWKZ
1591,HXL
1592,HYB
1593,HYLN
1594,HZN
1595,HZO.U
1596,HZON
1597,HAE
1598,HASI
1599,HBB
1600,HBM
1601,HCC
1602,HCXY
1603,HDB
1604,HEI
1605,HEP
1606,HES
1607,HFR-A
1608,HGLB
1609,HGTY
1610,HHC
1611,HHL.W
1612,HI
1613,HIG
1614,HII
1615,HIMS
1616,HIP.W
1617,HIW
1618,HKD
1619,HL-B
1620,HLG.W
1621,HLI
1622,HLL.W
1623,HLN
1624,HLX
1625,HMA.U
1626,HMC
1627,HMN
1628,HNI
1629,HOMB
1630,HOV
1631,HPE
1632,HPI
1633,HPP-C
1634,HPS
1635,HQL
1636,HRB
1637,HRL
1638,HRTG
1639,HSC
1640,HT
1641,HT-D
1642,HTD
1643,HTFC
1644,HTH
1645,HTPA
1646,HUBB
1647,HUG.U
1648,HUGS
1649,HUN
1650,HVT
1651,HWK.U
1652,HWM
1653,HY
1654,HYI
1655,HYT
1656,HZO
1657,HZO.W
1658,IAA
1659,IAE
1660,IBA
1661,IBE.W
1662,IBM
1663,IBP
1664,ICE
1665,ICN.U
1666,ICNC
1667,IDA
1668,IDT
1669,IFF
1670,IFI.W
1671,IFN
1672,IGA
1673,IGI
1674,IGT
1675,IHD
1676,IHIT
1677,IHTA
1678,IIIN
1679,IIP-A
1680,IMAX
1681,INA.W
1682,INFA
1683,ING
1684,INN
1685,INN-F
1686,INSP
1687,INSW
1688,INVH
1689,IONQ
1690,IP
1691,IPI
1692,IPV.S
1693,IPV.V
1694,IPVF
1695,IQV
1696,IRL
1697,IRN.W
1698,IRR.U
1699,IRRX
1700,IRS.W
1701,ISD
1702,ITCB
1703,ITT
1704,ITW
1705,IVH
1706,IVR-B
1707,IVT
1708,IX
1709,IACC
1710,IAG
1711,IBE.U
1712,IBER
1713,IBN
1714,ICD
1715,ICL
1716,ICN.W
1717,ICR-A
1718,IDE
1719,IEX
1720,IFI.U
1721,IFIN
1722,IFS
1723,IGD
1724,IGR
1725,IH
1726,IHG
1727,IHS
1728,IIF
1729,IIM
1730,IIPR
1731,INA.U
1732,INAQ
1733,INFY
1734,INGR
1735,INN-E
1736,INSI
1737,INST
1738,INT
1739,ION.W
1740,IOT
1741,IPG
1742,IPV.D
1743,IPV.T
1744,IPVA
1745,IQI
1746,IR
1747,IRM
1748,IRNT
1749,IRR.W
1750,IRS
1751,IRT
1752,IT
1753,ITGR
1754,ITUB
1755,IVC
1756,IVR
1757,IVR-C
1758,IVZ
1759,J
1760,JATT
1761,JBI
1762,JBL
1763,JCE
1764,JEF
1765,JEMD
1766,JFR
1767,JHAA
1768,JHI
1769,JHX
1770,JKS
1771,JLS
1772,JMM
1773,JNPR
1774,JOBY
1775,JOF
1776,JPI
1777,JPM-C
1778,JPM-J
1779,JPM-L
1780,JPS
1781,JQC
1782,JRO
1783,JSD
1784,JUN
1785,JUN.W
1786,JWS.S
1787,JWSM
1788,JAT.W
1789,JBGS
1790,JBK
1791,JBT
1792,JCI
1793,JELD
1794,JEQ
1795,JGH
1796,JHG
1797,JHS
1798,JILL
1799,JLL
1800,JMIA
1801,JNJ
1802,JOB.W
1803,JOE
1804,JPC
1805,JPM
1806,JPM-D
1807,JPM-K
1808,JPM-M
1809,JPT
1810,JRI
1811,JRS
1812,JT
1813,JUN.U
1814,JWN
1815,JWS.T
1816,JXN
1817,K
1818,KAH.W
1819,KAI
1820,KAR
1821,KBH
1822,KCG.U
1823,KCGI
1824,KEN
1825,KEX
1826,KEY-I
1827,KEY-K
1828,KEYS
1829,KFS
1830,KGC
1831,KIM-L
1832,KIND
1833,KKR
1834,KKRS
1835,KMB
1836,KMI
1837,KMPR
1838,KMX
1839,KNOP
1840,KNS.W
1841,KNSW
1842,KNX
1843,KODK
1844,KOP
1845,KORE
1846,KR
1847,KRE-A
1848,KRG
1849,KRP
1850,KSS
1851,KTB
1852,KTH
1853,KUKE
1854,KWR
1855,KAH.U
1856,KAHC
1857,KAMN
1858,KB
1859,KBR
1860,KCG.W
1861,KD
1862,KEP
1863,KEY
1864,KEY-J
1865,KEY-L
1866,KF
1867,KFY
1868,KIM
1869,KIM-M
1870,KIO
1871,KKR-C
1872,KLR
1873,KMF
1874,KMPB
1875,KMT
1876,KN
1877,KNS.U
1878,KNSL
1879,KNTK
1880,KO
1881,KOF
1882,KOR.W
1883,KOS
1884,KRC
1885,KREF
1886,KRO
1887,KSM
1888,KT
1889,KTF
1890,KTN
1891,KW
1892,KYN
1893,L
1894,LAD
1895,LAW
1896,LBRT
1897,LCI
1898,LCW
1899,LDI
1900,LDP
1901,LEG
1902,LEN
1903,LEO
1904,LEV.W
1905,LFG
1906,LFT-A
1907,LGF.B
1908,LGV
1909,LGV.W
1910,LHC
1911,LHC.W
1912,LICY
1913,LIN
1914,LL
1915,LLAP
1916,LMND
1917,LNC
1918,LND
1919,LOC.T
1920,LOC.W
1921,LOCL
1922,LOK.T
1923,LOMA
1924,LPG
1925,LPL
1926,LRN
1927,LSPD
1928,LTH
1929,LU
1930,LUV
1931,LVW.W
1932,LW
1933,LXP
1934,LXU
1935,LYG
1936,LZB
1937,LAC
1938,LADR
1939,LAZ
1940,LC
1941,LCII
1942,LCW.W
1943,LDOS
1944,LEA
1945,LEJU
1946,LEN.B
1947,LEV
1948,LEVI
1949,LFT
1950,LGF.A
1951,LGI
1952,LGV.U
1953,LH
1954,LHC.U
1955,LHX
1956,LII
1957,LITB
1958,LLA.W
1959,LLY
1960,LMT
1961,LNC-D
1962,LNN
1963,LOC.U
1964,LOCC
1965,LOK.S
1966,LOKM
1967,LOW
1968,LPI
1969,LPX
1970,LSI
1971,LTC
1972,LTHM
1973,LUMN
1974,LVS
1975,LVWR
1976,LXFR
1977,LXP-C
1978,LYB
1979,LYV
1980,M
1981,MAA
1982,MAC
1983,MACC
1984,MAN
1985,MAS
1986,MATX
1987,MAX
1988,MBA.U
1989,MBAC
1990,MBS.U
1991,MBSC
1992,MCB
1993,MCG
1994,MCK
1995,MCO
1996,MCS
1997,MCY
1998,MDC
1999,MDH.U
2000,MDU
2001,MDV-A
2002,MED
2003,MEGI
2004,MER-K
2005,MET-A
2006,MET-F
2007,MFA-B
2008,MFC
2009,MFG
2010,MFM
2011,MG
2012,MGF
2013,MGR
2014,MGRD
2015,MGY
2016,MH-C
2017,MHD
2018,MHI
2019,MHLA
2020,MHNC
2021,MIN
2022,MIR
2023,MIT
2024,MIT-B
2025,MIT.U
2026,MIXT
2027,MKC
2028,MKF.W
2029,MKL
2030,ML.W
2031,MLM
2032,MLP
2033,MMC
2034,MMI
2035,MMP
2036,MMT
2037,MNP
2038,MNSO
2039,MNT.W
2040,MO
2041,MODG
2042,MOG.A
2043,MOGU
2044,MOS
2045,MP
2046,MPC
2047,MPLN
2048,MPV
2049,MPX
2050,MQY
2051,MRK
2052,MS
2053,MS-E
2054,MS-I
2055,MS-L
2056,MS-P
2057,MSB
2058,MSCI
2059,MSGE
2060,MSI
2061,MT
2062,MTA.W
2063,MTB
2064,MTCN
2065,MTDR
2066,MTH
2067,MTR
2068,MTV.U
2069,MTVC
2070,MTX
2071,MUA
2072,MUE
2073,MUI
2074,MUR
2075,MUX
2076,MVO
2077,MWA
2078,MXE
2079,MYD
2080,MYI
2081,MYOV
2082,MA
2083,MAA-I
2084,MAC.U
2085,MAIN
2086,MANU
2087,MATV
2088,MAV
2089,MAXR
2090,MBA.W
2091,MBI
2092,MBS.W
2093,MC
2094,MCD
2095,MCI
2096,MCN
2097,MCR
2098,MCW
2099,MD
2100,MDH
2101,MDT
2102,MDV
2103,MEC
2104,MEG
2105,MEI
2106,MET
2107,MET-E
2108,MFA
2109,MFA-C
2110,MFD
2111,MFGP
2112,MFV
2113,MGA
2114,MGM
2115,MGRB
2116,MGU
2117,MH-A
2118,MH-D
2119,MHF
2120,MHK
2121,MHN
2122,MHO
2123,MIO
2124,MIR.W
2125,MIT-A
2126,MIT-C
2127,MITT
2128,MIY
2129,MKC.V
2130,MKFG
2131,ML
2132,MLI
2133,MLNK
2134,MLR
2135,MMD
2136,MMM
2137,MMS
2138,MMU
2139,MNRL
2140,MNT.U
2141,MNTN
2142,MOD
2143,MODN
2144,MOG.B
2145,MOH
2146,MOV
2147,MPA
2148,MPL.W
2149,MPLX
2150,MPW
2151,MQT
2152,MRC
2153,MRO
2154,MS-A
2155,MS-F
2156,MS-K
2157,MS-O
2158,MSA
2159,MSC
2160,MSD
2161,MSGS
2162,MSM
2163,MTA.U
2164,MTAL
2165,MTB-H
2166,MTD
2167,MTG
2168,MTN
2169,MTRN
2170,MTV.W
2171,MTW
2172,MTZ
2173,MUC
2174,MUFG
2175,MUJ
2176,MUSA
2177,MVF
2178,MVT
2179,MX
2180,MXF
2181,MYE
2182,MYN
2183,MYTE
2184,NABL
2185,NAD
2186,NAPA
2187,NAZ
2188,NBHC
2189,NBXG
2190,NCA
2191,NCR
2192,NCV-A
2193,NCZ-A
2194,NDP
2195,NEA
2196,NEE-N
2197,NEE-Q
2198,NEM
2199,NET
2200,NET.W
2201,NETI
2202,NEWR
2203,NEXA
2204,NFJ
2205,NFN.W
2206,NFY.U
2207,NFYS
2208,NGC.U
2209,NGG
2210,NGL-B
2211,NGS
2212,NGVT
2213,NI
2214,NIC
2215,NIE
2216,NIMC
2217,NIO
2218,NJR
2219,NKG
2220,NL
2221,NLY
2222,NLY-G
2223,NM
2224,NM-H
2225,NMCO
2226,NMI
2227,NMK-C
2228,NMR
2229,NMT
2230,NNI
2231,NNY
2232,NOAH
2233,NOG
2234,NOM
2235,NOT.W
2236,NOV
2237,NOW
2238,NPFD
2239,NPO
2240,NQP
2241,NRD.W
2242,NRE-A
2243,NRG
2244,NRGX
2245,NRP
2246,NRUC
2247,NS-A
2248,NS-C
2249,NSA-A
2250,NSL
2251,NSS
2252,NST.S
2253,NST.V
2254,NSTB
2255,NSTD
2256,NTCO
2257,NTG
2258,NTST
2259,NU
2260,NUO
2261,NUV
2262,NUVB
2263,NVG
2264,NVO
2265,NVRO
2266,NVST
2267,NVTA
2268,NWN
2269,NXC
2270,NXDT
2271,NXG
2272,NXN
2273,NXRT
2274,NYC-A
2275,NYCB
2276,NZF
2277,NAC
2278,NAN
2279,NAT
2280,NBB
2281,NBR
2282,NC
2283,NCLH
2284,NCV
2285,NCZ
2286,NDMO
2287,NE
2288,NEE
2289,NEE-P
2290,NEE-R
2291,NEP
2292,NET.U
2293,NETC
2294,NEU
2295,NEX
2296,NFG
2297,NFN.U
2298,NFNT
2299,NFY.W
2300,NGC
2301,NGC.W
2302,NGL
2303,NGL-C
2304,NGVC
2305,NHI
2306,NI-B
2307,NID
2308,NIM
2309,NINE
2310,NIQ
2311,NKE
2312,NKX
2313,NLS
2314,NLY-F
2315,NLY-I
2316,NM-G
2317,NMAI
2318,NMG
2319,NMK-B
2320,NMM
2321,NMS
2322,NMZ
2323,NNN
2324,NOA
2325,NOC
2326,NOK
2327,NOMD
2328,NOTE
2329,NOVA
2330,NPCT
2331,NPK
2332,NPV
2333,NR
2334,NRDY
2335,NREF
2336,NRGV
2337,NRK
2338,NRT
2339,NS
2340,NS-B
2341,NSA
2342,NSC
2343,NSP
2344,NST.D
2345,NST.U
2346,NST.W
2347,NSTC
2348,NTB
2349,NTEST.I
2350,NTR
2351,NTZ
2352,NUE
2353,NUS
2354,NUV.W
2355,NUW
2356,NVGS
2357,NVR
2358,NVS
2359,NVT
2360,NWG
2361,NX
2362,NXD-A
2363,NXE
2364,NXJ
2365,NXP
2366,NYC
2367,NYC-U
2368,NYT
2369,O
2370,OAK-B
2371,OCFT
2372,ODC
2373,OEC
2374,OFG
2375,OGE
2376,OGS
2377,OI
2378,OII
2379,OKE
2380,OLO
2381,OMC
2382,OMI
2383,ONON
2384,ONTO
2385,OPA
2386,OPA.W
2387,OPF.W
2388,OPP
2389,OPP-B
2390,OR
2391,ORAN
2392,ORCC
2393,ORI
2394,OSCR
2395,OSH
2396,OSI.U
2397,OSK
2398,OUS.W
2399,OUT
2400,OWL
2401,OWLT
2402,OXY
2403,OAK-A
2404,OC
2405,OCN
2406,ODV
2407,OFC
2408,OG
2409,OGN
2410,OHI
2411,OIA
2412,OIS
2413,OLN
2414,OLP
2415,OMF
2416,ONL
2417,ONTF
2418,OOMA
2419,OPA.T
2420,OPAD
2421,OPFI
2422,OPP-A
2423,OPY
2424,ORA
2425,ORC
2426,ORCL
2427,ORN
2428,OSG
2429,OSI
2430,OSI.W
2431,OTIS
2432,OUST
2433,OVV
2434,OWL.T
2435,OXM
2436,OXY.W
2437,PAC
2438,PAC.W
2439,PACK
2440,PAGS
2441,PAM
2442,PARR
2443,PAXS
2444,PAYC
2445,PBA
2446,PBFX
2447,PBI
2448,PBR
2449,PBT
2450,PCG
2451,PCK
2452,PCN
2453,PCP.S
2454,PCPC
2455,PD
2456,PDM
2457,PDO.U
2458,PDOT
2459,PDT
2460,PEB
2461,PEB-F
2462,PEB-H
2463,PEI
2464,PEI-C
2465,PEN
2466,PER.W
2467,PFD
2468,PFGC
2469,PFL
2470,PFN
2471,PFS
2472,PG
2473,PGR
2474,PGRU
2475,PGS.W
2476,PGTI
2477,PH
2478,PHG
2479,PHK
2480,PHR
2481,PHX
2482,PHY.W
2483,PIA.U
2484,PIAI
2485,PICC
2486,PIM
2487,PINS
2488,PJT
2489,PKE
2490,PKI
2491,PL
2492,PLD
2493,PLOW
2494,PLYM
2495,PMF
2496,PMM
2497,PMT
2498,PMT-B
2499,PMX
2500,PNF
2501,PNM
2502,PNR
2503,PNT.W
2504,PNW
2505,PON.W
2506,POR
2507,POR.W
2508,POST
2509,PPL
2510,PR
2511,PRB.U
2512,PRE-J
2513,PRGO
2514,PRI
2515,PRI-F
2516,PRI-H
2517,PRI-J
2518,PRI-L
2519,PRM
2520,PRO
2521,PRP.T
2522,PRS
2523,PRTY
2524,PSA
2525,PSA-G
2526,PSA-I
2527,PSA-K
2528,PSA-M
2529,PSA-O
2530,PSA-Q
2531,PSA-S
2532,PSB-Y
2533,PSE-A
2534,PSF.W
2535,PSN
2536,PSP.U
2537,PSPC
2538,PSTL
2539,PTA
2540,PUK
2541,PV
2542,PV.W
2543,PVL
2544,PWSC
2545,PXD
2546,PYT
2547,PAC.U
2548,PACI
2549,PAG
2550,PAI
2551,PAR
2552,PATH
2553,PAY
2554,PB
2555,PBF
2556,PBH
2557,PBI-B
2558,PBR.A
2559,PCF
2560,PCGU
2561,PCM
2562,PCOR
2563,PCP.T
2564,PCQ
2565,PDI
2566,PDO
2567,PDO.W
2568,PDS
2569,PEAK
2570,PEB-E
2571,PEB-G
2572,PEG
2573,PEI-B
2574,PEI-D
2575,PEO
2576,PERF
2577,PFE
2578,PFH
2579,PFLT
2580,PFO
2581,PFSI
2582,PGP
2583,PGRE
2584,PGS.U
2585,PGSS
2586,PGZ
2587,PHD
2588,PHI
2589,PHM
2590,PHT
2591,PHY.U
2592,PHYT
2593,PIA.W
2594,PIC.U
2595,PII
2596,PINE
2597,PIPR
2598,PK
2599,PKG
2600,PKX
2601,PL.W
2602,PLNT
2603,PLTR
2604,PM
2605,PML
2606,PMO
2607,PMT-A
2608,PMT-C
2609,PNC
2610,PNI
2611,PNNT
2612,PNT.U
2613,PNTM
2614,PON.U
2615,POND
2616,POR.U
2617,PORT
2618,PPG
2619,PPT
2620,PRA
2621,PRBM
2622,PRG
2623,PRH
2624,PRI-D
2625,PRI-G
2626,PRI-I
2627,PRI-K
2628,PRLB
2629,PRMW
2630,PRP.S
2631,PRPC
2632,PRT
2633,PRU
2634,PSA-F
2635,PSA-H
2636,PSA-J
2637,PSA-L
2638,PSA-N
2639,PSA-P
2640,PSA-R
2641,PSB-X
2642,PSB-Z
2643,PSF
2644,PSFE
2645,PSO
2646,PSP.W
2647,PSTG
2648,PSX
2649,PTY
2650,PUMP
2651,PV.U
2652,PVH
2653,PWR
2654,PX
2655,PYN
2656,PZC
2657,QBT.W
2658,QD
2659,QFTA
2660,QS
2661,QTWO
2662,QUOT
2663,QVCD
2664,QBTS
2665,QFT.U
2666,QGEN
2667,QSR
2668,QUAD
2669,QVCC
2670,R
2671,RAAS
2672,RAD
2673,RBA
2674,RBCP
2675,RBO.W
2676,RBT
2677,RC
2678,RC-E
2679,RCB
2680,RCF.U
2681,RCFA
2682,RCL
2683,RCUS
2684,RDW
2685,RDY
2686,RELX
2687,RERE
2688,REVG
2689,REX-B
2690,REXR
2691,RF
2692,RF-C
2693,RFI
2694,RFM
2695,RFP
2696,RGR
2697,RGT
2698,RHI
2699,RIG
2700,RIT-A
2701,RIT-C
2702,RITM
2703,RIV-A
2704,RJA.W
2705,RJF
2706,RJF-B
2707,RKLY
2708,RKT.U
2709,RKTA
2710,RLI
2711,RLJ-A
2712,RLX
2713,RMAX
2714,RMI
2715,RMMZ
2716,RMT
2717,RNGR
2718,RNR
2719,RNR-G
2720,ROK
2721,RON.U
2722,RONI
2723,ROS.U
2724,ROSS
2725,RPT
2726,RQI
2727,RRA.W
2728,RRC
2729,RS
2730,RSG
2731,RSKD
2732,RTX
2733,RVT
2734,RXO
2735,RY-T
2736,RYAN
2737,RYN
2738,RZB
2739,RA
2740,RACE
2741,RAMP
2742,RBC
2743,RBLX
2744,RBOT
2745,RBT.W
2746,RC-C
2747,RCA
2748,RCC
2749,RCF.W
2750,RCI
2751,RCS
2752,RDN
2753,RDW.W
2754,RE
2755,RENN
2756,RES
2757,REX
2758,REX-C
2759,REZI
2760,RF-B
2761,RF-E
2762,RFL
2763,RFMZ
2764,RGA
2765,RGS
2766,RH
2767,RHP
2768,RIO
2769,RIT-B
2770,RIT-D
2771,RIV
2772,RJA.U
2773,RJAC
2774,RJF-A
2775,RKL.W
2776,RKT
2777,RKT.W
2778,RL
2779,RLJ
2780,RLTY
2781,RM
2782,RMD
2783,RMM
2784,RMP.P
2785,RNG
2786,RNP
2787,RNR-F
2788,ROG
2789,ROL
2790,RON.W
2791,ROP
2792,ROS.W
2793,RPM
2794,RPT-D
2795,RRA.U
2796,RRAC
2797,RRX
2798,RSF
2799,RSI
2800,RTO
2801,RVLV
2802,RWT
2803,RY
2804,RYAM
2805,RYI
2806,RZA
2807,RZC
2808,S
2809,SAFE
2810,SAIC
2811,SAM
2812,SAND
2813,SAR
2814,SAVE
2815,SB-C
2816,SBBA
2817,SBI
2818,SBII
2819,SBR
2820,SBSW
2821,SCD
2822,SCE-H
2823,SCE-K
2824,SCH-D
2825,SCHW
2826,SCL
2827,SCS
2828,SCU.U
2829,SCUA
2830,SD
2831,SDRL
2832,SEA-A
2833,SEAS
2834,SED.W
2835,SEE
2836,SEMR
2837,SES.W
2838,SF-B
2839,SF-D
2840,SFBS
2841,SG
2842,SGH.W
2843,SGU
2844,SHA.W
2845,SHAP
2846,SHG
2847,SHO-H
2848,SHOP
2849,SHPW
2850,SI
2851,SID
2852,SII
2853,SIT-A
2854,SITE
2855,SJI
2856,SJIV
2857,SJR
2858,SJW
2859,SKI.W
2860,SKLZ
2861,SKT
2862,SKY
2863,SLA.W
2864,SLB
2865,SLF
2866,SLG-I
2867,SLQT
2868,SM
2869,SMFG
2870,SMHI
2871,SMP
2872,SMR.W
2873,SMWB
2874,SNAP
2875,SNDR
2876,SNOW
2877,SNV-D
2878,SNX
2879,SOI
2880,SOJD
2881,SOL
2882,SONX
2883,SOR
2884,SPB
2885,SPE
2886,SPG
2887,SPG.U
2888,SPGS
2889,SPI.W
2890,SPL-A
2891,SPN-B
2892,SPOT
2893,SPRU
2894,SPXX
2895,SQM
2896,SQSP
2897,SR
2898,SRC
2899,SRE
2900,SRG
2901,SRI
2902,SRT
2903,SSD
2904,SST
2905,SSTK
2906,SSU.W
2907,STA-D
2908,STA-I
2909,STAR
2910,STE
2911,STE.W
2912,STET
2913,STG
2914,STLA
2915,STN
2916,STOR
2917,STR.T
2918,STR.W
2919,STRY
2920,STT-D
2921,STVN
2922,STZ
2923,SUA.U
2924,SUAC
2925,SUM
2926,SUN.W
2927,SUP
2928,SUZ
2929,SWI
2930,SWN
2931,SWX
2932,SXC
2933,SXT
2934,SYF-A
2935,SYY
2936,SA
2937,SAH
2938,SAJ
2939,SAN
2940,SAP
2941,SAT
2942,SB
2943,SB-D
2944,SBH
2945,SBI.U
2946,SBOW
2947,SBS
2948,SCCO
2949,SCE-G
2950,SCE-J
2951,SCE-L
2952,SCH-J
2953,SCI
2954,SCM
2955,SCU
2956,SCU.W
2957,SCX
2958,SDHY
2959,SE
2960,SEA-B
2961,SED.U
2962,SEDA
2963,SEM
2964,SES
2965,SF
2966,SF-C
2967,SFB
2968,SFL
2969,SGFY
2970,SGHC
2971,SHA.U
2972,SHAK
2973,SHEL
2974,SHO
2975,SHO-I
2976,SHP.W
2977,SHW
2978,SI-A
2979,SIG
2980,SIRE
2981,SITC
2982,SIX
2983,SJIJ
2984,SJM
2985,SJT
2986,SKE
2987,SKIL
2988,SKM
2989,SKX
2990,SLA.U
2991,SLAC
2992,SLCA
2993,SLG
2994,SLGN
2995,SLVM
2996,SMAR
2997,SMG
2998,SMLP
2999,SMR
3000,SMRT
3001,SNA
3002,SNDA
3003,SNN
3004,SNV
3005,SNV-E
3006,SO
3007,SOJC
3008,SOJE
3009,SON
3010,SONY
3011,SOS
3012,SPCE
3013,SPE-C
3014,SPG-J
3015,SPGI
3016,SPH
3017,SPIR
3018,SPLP
3019,SPNT
3020,SPR
3021,SPXC
3022,SQ
3023,SQNS
3024,SQZ
3025,SR-A
3026,SRC-A
3027,SREA
3028,SRG-A
3029,SRL
3030,SRV
3031,SSL
3032,SST.W
3033,SSU
3034,ST
3035,STA-G
3036,STAG
3037,STC
3038,STE.U
3039,STEM
3040,STEW
3041,STK
3042,STM
3043,STNG
3044,STR
3045,STR.U
3046,STRE
3047,STT
3048,STT-G
3049,STWD
3050,SU
3051,SUA.W
3052,SUI
3053,SUN
3054,SUNL
3055,SUPV
3056,SWCH
3057,SWK
3058,SWT
3059,SWZ
3060,SXI
3061,SYF
3062,SYK
3063,T
3064,T-C
3065,TAK
3066,TALO
3067,TAP.A
3068,TBB
3069,TBI
3070,TCN
3071,TCO.W
3072,TCS
3073,TDC
3074,TDF
3075,TDOC
3076,TDS-U
3077,TDW
3078,TDW.B
3079,TEAF
3080,TEF
3081,TEL
3082,TEO
3083,TEX
3084,TFC-I
3085,TFC-R
3086,TFPM
3087,TFX
3088,TGH
3089,TGH-B
3090,TGLS
3091,TGR
3092,TGR.W
3093,TGT
3094,THG
3095,THQ
3096,THS
3097,TIMB
3098,TIN.W
3099,TISI
3100,TJX
3101,TKC
3102,TLG.U
3103,TLK
3104,TM
3105,TMAC
3106,TMHC
3107,TMST
3108,TNET
3109,TNL
3110,TNP-D
3111,TNP-F
3112,TOST
3113,TPC
3114,TPL
3115,TPTA
3116,TPX
3117,TR
3118,TRA.W
3119,TRC
3120,TRC.W
3121,TREX
3122,TRI
3123,TRI.W
3124,TRN
3125,TROX
3126,TRQ
3127,TRT-B
3128,TRT-D
3129,TRT-P
3130,TRT.W
3131,TRTN
3132,TRU
3133,TS
3134,TSI
3135,TSM
3136,TSP.U
3137,TSPQ
3138,TT
3139,TTE
3140,TTM
3141,TU
3142,TUYA
3143,TVC
3144,TWI
3145,TWN
3146,TWN.T
3147,TWO
3148,TWO-B
3149,TWOA
3150,TXT
3151,TY.P
3152,TYL
3153,T-A
3154,TAC
3155,TAL
3156,TAP
3157,TARO
3158,TBC
3159,TCI
3160,TCO.U
3161,TCOA
3162,TD
3163,TDCX
3164,TDG
3165,TDS
3166,TDS-V
3167,TDW.A
3168,TDY
3169,TECK
3170,TEI
3171,TEN
3172,TEVA
3173,TFC
3174,TFC-O
3175,TFII
3176,TFSA
3177,TG
3178,TGH-A
3179,TGI
3180,TGNA
3181,TGR.U
3182,TGS
3183,THC
3184,THO
3185,THR
3186,THW
3187,TIN.U
3188,TINV
3189,TIXT
3190,TK
3191,TKR
3192,TLGA
3193,TLYS
3194,TMA.U
3195,TME
3196,TMO
3197,TNC
3198,TNK
3199,TNP
3200,TNP-E
3201,TOL
3202,TPB
3203,TPH
3204,TPR
3205,TPVG
3206,TPZ
3207,TRA.U
3208,TRAQ
3209,TRC.U
3210,TRCA
3211,TRGP
3212,TRI.U
3213,TRIS
3214,TRNO
3215,TRP
3216,TRT-A
3217,TRT-C
3218,TRT-E
3219,TRT.U
3220,TRTL
3221,TRTX
3222,TRV
3223,TSE
3224,TSLX
3225,TSN
3226,TSP.W
3227,TSQ
3228,TTC
3229,TTI
3230,TTP
3231,TUP
3232,TV
3233,TVE
3234,TWLO
3235,TWN.S
3236,TWNI
3237,TWO-A
3238,TWO-C
3239,TX
3240,TY
3241,TYG
3242,U
3243,UAA
3244,UBA
3245,UBP
3246,UBP-K
3247,UDR
3248,UFI
3249,UGIC
3250,UHS
3251,UI
3252,UL
3253,UMH
3254,UNF
3255,UNH
3256,UNMA
3257,UNVR
3258,UP.W
3259,UPH.W
3260,URI
3261,USAC
3262,USB-A
3263,USB-P
3264,USB-R
3265,USDP
3266,USFD
3267,USNA
3268,USX
3269,UTI
3270,UTZ
3271,UVV
3272,UWMC
3273,UZE
3274,UA
3275,UAN
3276,UBER
3277,UBP-H
3278,UBS
3279,UE
3280,UGI
3281,UGP
3282,UHT
3283,UIS
3284,UMC
3285,UMH-D
3286,UNFI
3287,UNM
3288,UNP
3289,UP
3290,UPH
3291,UPS
3292,USA
3293,USB
3294,USB-H
3295,USB-Q
3296,USB-S
3297,USER
3298,USM
3299,USPH
3300,UTF
3301,UTL
3302,UVE
3303,UWM.W
3304,UZD
3305,UZF
3306,V
3307,VAL
3308,VALE
3309,VATE
3310,VCIF
3311,VCX.U
3312,VCXB
3313,VEL
3314,VFC
3315,VGM
3316,VHC
3317,VIAO
3318,VIPS
3319,VIV
3320,VLD
3321,VLN
3322,VLO
3323,VLT
3324,VLTA
3325,VMI
3326,VMW
3327,VNO
3328,VNO-M
3329,VNO-O
3330,VNTR
3331,VOY-B
3332,VPG
3333,VRE
3334,VRTV
3335,VSH
3336,VST.A
3337,VTEX
3338,VTOL
3339,VVI
3340,VVR
3341,VVX
3342,VZIO
3343,VAC
3344,VAL.W
3345,VAPO
3346,VBF
3347,VCV
3348,VCX.W
3349,VEEV
3350,VET
3351,VGI
3352,VGR
3353,VHI
3354,VICI
3355,VIST
3356,VKQ
3357,VLD.W
3358,VLN.W
3359,VLRS
3360,VLT.W
3361,VMC
3362,VMO
3363,VNCE
3364,VNO-L
3365,VNO-N
3366,VNT
3367,VOC
3368,VOYA
3369,VPV
3370,VRT
3371,VSCO
3372,VST
3373,VSTO
3374,VTN
3375,VTR
3376,VVNT
3377,VVV
3378,VZ
3379,W
3380,WAL
3381,WAT
3382,WAV.W
3383,WBS
3384,WBS-G
3385,WBX.W
3386,WCC-A
3387,WD
3388,WDI
3389,WE
3390,WEA
3391,WEBR
3392,WEL
3393,WEL.W
3394,WES
3395,WF
3396,WFC-A
3397,WFC-D
3398,WFC-Q
3399,WFC-Y
3400,WFG
3401,WH
3402,WHG
3403,WIA
3404,WIW
3405,WLK
3406,WLY
3407,WM
3408,WMC
3409,WMS
3410,WNC
3411,WNN.W
3412,WNS
3413,WOR
3414,WPC
3415,WPC.T
3416,WPC.W
3417,WPCB
3418,WPP
3419,WQG.W
3420,WRA.U
3421,WRAC
3422,WRB-E
3423,WRB-G
3424,WRBY
3425,WSM
3426,WSO.B
3427,WST
3428,WTI
3429,WTRG
3430,WTTR
3431,WWE
3432,WY
3433,WAB
3434,WAL-A
3435,WAV.U
3436,WAVC
3437,WBS-F
3438,WBX
3439,WCC
3440,WCN
3441,WDH
3442,WDS
3443,WE.W
3444,WEAV
3445,WEC
3446,WEL.U
3447,WELL
3448,WEX
3449,WFC
3450,WFC-C
3451,WFC-L
3452,WFC-R
3453,WFC-Z
3454,WGO
3455,WHD
3456,WHR
3457,WIT
3458,WK
3459,WLKP
3460,WLYB
3461,WMB
3462,WMK
3463,WMT
3464,WNN.U
3465,WNNR
3466,WOLF
3467,WOW
3468,WPC.S
3469,WPC.U
3470,WPCA
3471,WPM
3472,WQG.U
3473,WQGA
3474,WRA.W
3475,WRB
3476,WRB-F
3477,WRB-H
3478,WRK
3479,WSO
3480,WSR
3481,WT
3482,WTM
3483,WTS
3484,WU
3485,WWW
3486,X
3487,XFLT
3488,XIN
3489,XPER
3490,XPO
3491,XPRO
3492,XYL
3493,XFL-A
3494,XHR
3495,XOM
3496,XPEV
3497,XPOF
3498,XYF
3499,YALA
3500,YETI
3501,YMM
3502,YPF
3503,YSG
3504,YUM
3505,YELP
3506,YEXT
3507,YOU
3508,YRD
3509,YTPG
3510,YUMC
3511,ZBH
3512,ZEPP
3513,ZEV
3514,ZGN
3515,ZH
3516,ZIP
3517,ZTO
3518,ZTS
3519,ZVIA
3520,ZYME
3521,ZEN
3522,ZETA
3523,ZEV.W
3524,ZGN.W
3525,ZIM
3526,ZNH
3527,ZTR
3528,ZUO
3529,ZWS
